From,To
Darry,Carry
Michael,May
May,John
Pamela,Cole
May,John
Michael,Jim
Pamela,Cole
May,John
Darry,Carry
Darry,Carry
Pamela,Cole
May,John
Pamela,Cole
Darry,Carry
Pamela,May
Pamela,Cole
Michael,Jim
Pamela,Cole
Michael,Jim
May,John
John,May
Pamela,Cole
John,May
May,John
Darry,Carry
May,John
Michael,Jim
Darry,Carry
Michael,Jim
Michael,May
John,Pamela
Pamela,May
Pamela,Cole
Michael,Jim
Pamela,Cole
Michael,Jim
Pamela,Cole
Michael,Jim
Michael,Jim
John,Pamela
May,John
Michael,May
May,John
Pamela,May
Michael,May
John,May
Darry,Carry
Pamela,Cole
John,Pamela
Michael,Jim
Darry,Carry
May,John
Pamela,Cole
John,May
Darry,Carry
May,John
Pamela,Cole
Darry,Carry
Michael,Jim
Darry,Carry
Pamela,Cole
